<plugin>
    <groupId>org.apache.maven.plugins</groupId>
    <artifactId>maven-resources-plugin</artifactId>
    <version>2.5</version>
    <executions>
        <execution>
            <id>copy-resources</id>
            <phase>compile</phase>
            <goals>
                <goal>copy-resources</goal>
            </goals>
            <configuration>
                <overwrite>true</overwrite>
                <outputDirectory>${project.build.outputDirectory}</outputDirectory>
                <resources>
                    <resource>
                        <directory>src/main/resources/${active.profile}</directory>
                        <filtering>false</filtering>
                    </resource>
                </resources>
            </configuration>
        </execution>
    </executions>
</plugin>